label,test_accuracy,test_correct,test_images,skipped_total,skipped_train,skipped_val,skipped_test,skipped_unreadable,skipped_no_landmarks,skipped_error,coaching_pose
Akarna_Dhanurasana,0.421053,8,19,7,5,1,1,0,7,0,
Bharadvaja's_Twist_pose_or_Bharadvajasana_I_,0.470588,8,17,6,5,1,0,0,6,0,
Boat_Pose_or_Paripurna_Navasana_,0.933333,70,75,42,35,2,5,0,42,0,
Bound_Angle_Pose_or_Baddha_Konasana_,0.680000,34,50,27,20,5,2,0,27,0,
Bow_Pose_or_Dhanurasana_,0.951220,39,41,30,26,3,1,0,30,0,
Bridge_Pose_or_Setu_Bandha_Sarvangasana_,0.900000,45,50,20,15,4,1,0,20,0,
Camel_Pose_or_Ustrasana_,0.921875,59,64,37,28,4,5,0,37,0,
Cat_Cow_Pose_or_Marjaryasana_,0.903614,75,83,30,23,7,0,0,30,0,
Chair_Pose_or_Utkatasana_,0.821429,46,56,28,24,3,1,0,28,0,Chair Pose
Child_Pose_or_Balasana_,0.698413,44,63,37,29,6,2,0,37,0,
Cobra_Pose_or_Bhujangasana_,0.885350,139,157,75,55,12,8,0,75,0,Cobra
Cockerel_Pose,0.633333,19,30,11,8,2,1,0,11,0,
Corpse_Pose_or_Savasana_,0.720930,31,43,32,29,3,0,0,32,0,
Cow_Face_Pose_or_Gomukhasana_,0.724138,42,58,29,21,6,2,0,29,0,
Crane_(Crow)_Pose_or_Bakasana_,0.890411,65,73,30,24,4,2,0,30,0,
Downward-Facing_Dog_pose_or_Adho_Mukha_Svanasana_,0.877551,43,49,53,48,3,2,0,53,0,Downward Dog
Eagle_Pose_or_Garudasana_,0.846154,55,65,19,16,1,2,0,19,0,
Eight-Angle_Pose_or_Astavakrasana_,0.772727,34,44,19,11,4,4,0,19,0,
Extended_Revolved_Side_Angle_Pose_or_Utthita_Parsvakonasana_,0.877358,93,106,23,17,2,4,0,23,0,
Extended_Revolved_Triangle_Pose_or_Utthita_Trikonasana_,0.940678,111,118,36,27,7,2,0,36,0,
Feathered_Peacock_Pose_or_Pincha_Mayurasana_,0.780488,32,41,22,16,2,4,0,22,0,
Firefly_Pose_or_Tittibhasana_,0.553191,26,47,17,13,1,3,0,17,0,
Fish_Pose_or_Matsyasana_,0.589286,33,56,30,25,4,1,0,30,0,
Four-Limbed_Staff_Pose_or_Chaturanga_Dandasana_,0.976744,42,43,16,12,3,1,0,16,0,
Frog_Pose_or_Bhekasana,0.805556,29,36,15,11,1,3,0,15,0,
Garland_Pose_or_Malasana_,0.744681,35,47,25,21,3,1,0,25,0,
Gate_Pose_or_Parighasana_,0.863636,19,22,19,12,5,2,0,19,0,
Half_Lord_of_the_Fishes_Pose_or_Ardha_Matsyendrasana_,0.797101,55,69,12,10,2,0,0,12,0,
Half_Moon_Pose_or_Ardha_Chandrasana_,0.920000,46,50,32,25,7,0,0,32,0,
Handstand_pose_or_Adho_Mukha_Vrksasana_,0.820513,32,39,14,10,2,2,0,14,0,
Happy_Baby_Pose_or_Ananda_Balasana_,0.807692,21,26,31,26,4,1,0,31,0,
Head-to-Knee_Forward_Bend_pose_or_Janu_Sirsasana_,0.414634,17,41,25,20,4,1,0,25,0,
Heron_Pose_or_Krounchasana_,0.852941,29,34,11,11,0,0,0,11,0,
Intense_Side_Stretch_Pose_or_Parsvottanasana_,0.647059,22,34,21,17,3,1,0,21,0,
Legs-Up-the-Wall_Pose_or_Viparita_Karani_,0.810811,30,37,22,14,5,3,0,22,0,
Locust_Pose_or_Salabhasana_,0.923077,36,39,29,21,5,3,0,29,0,
Lord_of_the_Dance_Pose_or_Natarajasana_,0.918367,90,98,26,19,4,3,0,26,0,
Low_Lunge_pose_or_Anjaneyasana_,0.722222,39,54,14,8,1,5,0,14,0,
Peacock_Pose_or_Mayurasana_,0.709677,22,31,16,9,4,3,0,16,0,
Plank_Pose_or_Kumbhakasana_,0.888889,8,9,3,3,0,0,0,3,0,Plank
Plow_Pose_or_Halasana_,0.909091,60,66,45,38,4,3,0,45,0,
Pose_Dedicated_to_the_Sage_Koundinya_or_Eka_Pada_Koundinyanasana_I_and_II,0.600000,21,35,6,6,0,0,0,6,0,
Rajakapotasana,0.813953,35,43,39,27,6,6,0,39,0,
Reclining_Hand-to-Big-Toe_Pose_or_Supta_Padangusthasana_,0.642857,18,28,4,3,1,0,0,4,0,
Revolved_Head-to-Knee_Pose_or_Parivrtta_Janu_Sirsasana_,0.829787,39,47,20,17,2,1,0,20,0,
Scale_Pose_or_Tolasana_,0.531250,17,32,7,5,1,1,0,7,0,
Scorpion_pose_or_vrischikasana,0.826923,43,52,28,20,5,3,0,28,0,
Seated_Forward_Bend_pose_or_Paschimottanasana_,0.756757,56,74,50,34,7,9,0,50,0,
Shoulder-Pressing_Pose_or_Bhujapidasana_,0.833333,15,18,9,6,3,0,0,9,0,
Side-Reclining_Leg_Lift_pose_or_Anantasana_,0.750000,9,12,8,6,2,0,0,8,0,
Side_Crane_(Crow)_Pose_or_Parsva_Bakasana_,0.621622,23,37,13,10,1,2,0,13,0,
Side_Plank_Pose_or_Vasisthasana_,0.857143,54,63,14,9,4,1,0,14,0,
Sitting pose 1 (normal),0.731343,98,134,77,64,12,1,0,77,0,
Split pose,0.724638,50,69,17,15,1,1,0,17,0,
Staff_Pose_or_Dandasana_,1.000000,15,15,13,10,2,1,0,13,0,
Standing_Forward_Bend_pose_or_Uttanasana_,0.925000,74,80,42,29,8,5,0,42,0,
Standing_Split_pose_or_Urdhva_Prasarita_Eka_Padasana_,0.740741,20,27,9,6,1,2,0,9,0,
Standing_big_toe_hold_pose_or_Utthita_Padangusthasana,0.717949,28,39,8,3,4,1,0,8,0,
Supported_Headstand_pose_or_Salamba_Sirsasana_,0.776119,52,67,25,19,2,4,0,25,0,
Supported_Shoulderstand_pose_or_Salamba_Sarvangasana_,0.894737,51,57,34,25,7,2,0,34,0,
Supta_Baddha_Konasana_,0.666667,42,63,21,13,5,3,0,21,0,
Supta_Virasana_Vajrasana,0.774194,48,62,39,34,2,3,0,39,0,
Tortoise_Pose,0.375000,12,32,25,12,6,7,0,25,0,
Tree_Pose_or_Vrksasana_,0.933333,42,45,23,19,1,3,0,23,0,Tree Pose
Upward_Bow_(Wheel)_Pose_or_Urdhva_Dhanurasana_,0.746667,56,75,36,24,5,7,0,36,0,
Upward_Facing_Two-Foot_Staff_Pose_or_Dwi_Pada_Viparita_Dandasana_,0.826087,19,23,9,7,1,1,0,9,0,
Upward_Plank_Pose_or_Purvottanasana_,0.733333,33,45,14,10,3,1,0,14,0,
Virasana_or_Vajrasana,0.746479,53,71,46,36,7,3,0,46,0,
Warrior_III_Pose_or_Virabhadrasana_III_,0.894737,34,38,26,21,3,2,0,26,0,
Warrior_II_Pose_or_Virabhadrasana_II_,0.967742,60,62,24,21,3,0,0,24,0,Warrior II
Warrior_I_Pose_or_Virabhadrasana_I_,0.621622,23,37,12,7,4,1,0,12,0,
Wide-Angle_Seated_Forward_Bend_pose_or_Upavistha_Konasana_,0.292683,12,41,18,12,1,5,0,18,0,
Wide-Legged_Forward_Bend_pose_or_Prasarita_Padottanasana_,0.776119,52,67,21,17,1,3,0,21,0,
Wild_Thing_pose_or_Camatkarasana_,0.775000,31,40,10,8,0,2,0,10,0,
Wind_Relieving_pose_or_Pawanmuktasana,0.916667,33,36,19,16,1,2,0,19,0,
Yogic_sleep_pose,0.416667,5,12,15,9,3,3,0,15,0,
viparita_virabhadrasana_or_reverse_warrior_pose,0.675676,25,37,8,5,2,1,0,8,0,
Goddess Pose,,0,0,8,8,0,0,0,8,0,Goddess Pose
